"name","surname","email","gender","mobile","date","subject","hobbie","picture","address","state","city"
"Oliver","Knight","oliver.knight@zenmail.com","Male","5011234567","10 Feb 1992","physics, english","Music, Sports","photo1.jpg","221B Baker Street, London","NCR","Delhi"
"Emily","Waters","emily.w@oceanmail.net","Female","5098765432","08 Aug 1988","maths","Reading","doc2.jpeg","742 Evergreen Terrace, Springfield","Uttar Pradesh","Agra"
"Lucas","Turner","lucas.turner@webmail.org","Male","5074452211","25 Dec 1996","chemistry","Sports, Music","img_01.png","123 Main St, Metropolis","Haryana","Panipat"
"Sophia","Frost","sophia.frost@forestmail.com","Female","5033219876","19 Nov 1990","history","Music","avatar.png","1600 Pennsylvania Ave NW, Washington","Rajasthan","Jaipur"
"Ethan","Graves","ethan.g@netzone.co","Male","5046699933","03 Jul 1985","biology, art","Sports, Reading","pp4.jpg","456 Elm Street, Gotham","NCR","Gurgaon"
"Isla","Reed","isla.reed@sunnet.io","Female","5027788991","12 May 2002","english","Reading","pp5.jpeg","789 Oak Avenue, Star City","Rajasthan","Jaiselmer"
